{"sections":{"main-collection-banner":{"type":"main-collection-banner","settings":{"show_collection_description":true,"show_collection_image":true,"color_scheme":"background-1"}},"main-collection-product-grid":{"type":"main-collection-product-grid","custom_css":[],"settings":{"products_per_page":20,"columns_desktop":4,"stretch_cards":false,"image_ratio":"adapt","show_secondary_image":true,"badges":"regular","show_vendor":false,"show_rating":false,"enable_quick_add":true,"enable_filtering":true,"filter_type":"horizontal","enable_sorting":true,"columns_mobile":"2","padding_top":0,"padding_bottom":36}},"collage":{"type":"collage","blocks":{"product":{"type":"product","settings":{"product":"","second_image":false}},"collection":{"type":"collection","settings":{"collection":"all"}}},"block_order":["product","collection"],"disabled":true,"settings":{"display_id":false,"visibility":"always-display","title":"Multimedia collage","title_highlight_color":"#6D388B","heading_size":"h2","desktop_layout":"right","mobile_layout":"collage","card_styles":"product-card-wrapper","color_scheme":"background-1","padding_top":16,"padding_bottom":64,"custom_colors_background":"#FFFFFF","custom_gradient_background":"","custom_colors_text":"#2E2A39"}},"newsletter":{"type":"newsletter","blocks":{"heading":{"type":"heading","settings":{"title":"Subscribe to our emails","title_highlight_color":"#6D388B","heading_size":"h1"}},"paragraph":{"type":"paragraph","settings":{"text":"<p>Join our email list for exclusive offers and the latest news. <\/p>"}},"email-form":{"type":"email_form","settings":{}}},"block_order":["heading","paragraph","email-form"],"settings":{"display_id":false,"visibility":"always-display","button_type":"solid","button_label":"Sign up","button_style_secondary":false,"color_scheme":"background-2","full_width":true,"padding_top":68,"padding_bottom":52,"custom_colors_background":"#FFFFFF","custom_gradient_background":"","custom_colors_text":"#2E2A39","custom_colors_solid_button_background":"#dd1d1d","custom_colors_solid_button_text":"#ffffff"}}},"order":["main-collection-banner","main-collection-product-grid","collage","newsletter"]}